<?xml version="1.0" encoding="UTF-8"?>
<!DOCTYPE suite SYSTEM "http://testng.org/testng-1.0.dtd">
<suite name="All Test Suite">
    <test verbose="8" preserve-order="true" name="C:/Users/Rajasekhar/Downloads/MovieAppTest">
        <classes>



            <class name="tests.LoginPageTest"/>
            <class name="tests.HomePageTest"/>
            <class name="tests.HeaderSectionTest"/>
            <class name="tests.HeaderSectionTest"/>
            <class name="tests.PopularPageTest"/>
            <class name="tests.SearchPageTest"/>
            <class name="tests.MovieDetailsPageTest"/>
            <class name="tests.AccountsPageTest"/>







        </classes>
    </test>
</suite>